operational,across,delivery,programme,technology,deliver,training,operations,autonomous,achievements,developed,business,processes,development,team,defence,managed,trust,capability,strategy,established,systems,innovative,enabling,organisation,mar,projects,project,organisational,royal,acquisition,series,using,apr,within,planning,course,manager,coaching,key,battlespace,learning,machine,lead,management,jul,novel,models,leadership,r
customer,experience,public,sector,work,dataminr,client,develop,sales,account,management,customers,team,growth,skills,use,ai,ability,drive,support,manage,company,information,including,platform,health,defence,track,expert,record,relationships,best,events,success,understanding,clients,want,focus,publicly,realtime,strong,must,alerts,value,cases,working,time,advocate,bringing,within
dsfsdfs,customer,experience,public,sector,work,dataminr,client,develop,sales,account,management,customers,team,growth,skills,use,ai,ability,drive,support,manage,company,information,including,platform,health,defence,track,expert,record,relationships,best,events,success,understanding,clients,want,focus,publicly,realtime,strong,must,alerts,value,cases,working,time,advocate,bringing,within
operational,across,delivery,programme,technology,deliver,training,operations,autonomous,achievements,developed,business,processes,development,team,defence,managed,trust,capability,strategy,established,systems,innovative,enabling,organisation,mar,projects,project,organisational,royal,acquisition,series,using,apr,within,planning,course,manager,coaching,key,battlespace,learning,machine,lead,management,jul,novel,models,leadership,r
asdasdasf,customer,experience,public,sector,work,dataminr,client,develop,sales,account,management,customers,team,growth,skills,use,ai,ability,drive,support,manage,company,information,including,platform,health,defence,track,expert,record,relationships,best,events,success,understanding,clients,want,focus,publicly,realtime,strong,must,alerts,value,cases,working,time,advocate,bringing,within
,operational,technology,operations,training,team,achievements,managed,delivery,capability,across,army,developed,development,deliver,defence,programme,projects,management,manager,lead,mar,processes,organisation,novel,led,enabling,complex,course,formed,autonomous,trust,royal,project,strategy,established,integrated,apr,machine,battlespace,working,jul,designed,planning,delivered,technical,leadership,highly,challenging,coaching,transformation
,operational,technology,operations,training,team,achievements,managed,delivery,capability,across,army,developed,development,deliver,defence,programme,projects,management,manager,lead,mar,processes,organisation,novel,led,enabling,complex,course,formed,autonomous,trust,royal,project,strategy,established,integrated,apr,machine,battlespace,working,jul,designed,planning,delivered,technical,leadership,highly,challenging,coaching,transformation
,operational,technology,operations,training,team,achievements,managed,delivery,capability,across,army,developed,development,deliver,defence,programme,projects,management,manager,lead,mar,processes,organisation,novel,led,enabling,complex,course,formed,autonomous,trust,royal,project,strategy,established,integrated,apr,machine,battlespace,working,jul,designed,planning,delivered,technical,leadership,highly,challenging,coaching,transformation
AI,operational,technology,operations,training,team,achievements,managed,delivery,capability,across,army,developed,development,deliver,defence,programme,projects,management,manager,lead,mar,processes,organisation,novel,led,enabling,complex,course,formed,autonomous,trust,royal,project,strategy,established,integrated,apr,machine,battlespace,working,jul,designed,planning,delivered,technical,leadership,highly,challenging,coaching,transformation
AI,operational,technology,operations,training,team,achievements,managed,delivery,capability,across,army,developed,development,deliver,defence,programme,projects,management,manager,lead,mar,processes,organisation,novel,led,enabling,complex,course,formed,autonomous,trust,royal,project,strategy,established,integrated,apr,machine,battlespace,working,jul,designed,planning,delivered,technical,leadership,highly,challenging,coaching,transformation
,technology,clients,digital,experience,strategy,services,client,kpmg,defence,deliver,support,work,help,tech,across,transformation,business,team,teams,delivery,models,within,transform,aerospace,developing,capability,level,operating,identify,growth,emerging,able,manage,group,thought,value,contribute,areas,capabilities,market,change,working,new,needs,around,engagements,colleagues,address,firm,complex
,technology,clients,digital,experience,strategy,services,client,kpmg,defence,deliver,support,work,help,tech,across,transformation,business,team,teams,delivery,models,within,transform,aerospace,developing,capability,level,operating,identify,growth,emerging,able,manage,group,thought,value,contribute,areas,capabilities,market,change,working,new,needs,around,engagements,colleagues,address,firm,complex
,technology,clients,digital,experience,strategy,services,client,kpmg,defence,deliver,support,work,help,tech,across,transformation,business,team,teams,delivery,models,within,transform,aerospace,developing,capability,level,operating,identify,growth,emerging,able,manage,group,thought,value,contribute,areas,capabilities,market,change,working,new,needs,around,engagements,colleagues,address,firm,complex
,technology,clients,digital,experience,strategy,services,client,kpmg,defence,deliver,support,work,help,tech,across,transformation,business,team,teams,delivery,models,within,transform,aerospace,developing,capability,level,operating,identify,growth,emerging,able,manage,group,thought,value,contribute,areas,capabilities,market,change,working,new,needs,around,engagements,colleagues,address,firm,complex
,technology,clients,digital,experience,strategy,services,client,kpmg,defence,deliver,support,work,help,tech,across,transformation,business,team,teams,delivery,models,within,transform,aerospace,developing,capability,level,operating,identify,growth,emerging,able,manage,group,thought,value,contribute,areas,capabilities,market,change,working,new,needs,around,engagements,colleagues,address,firm,complex
,technology,clients,digital,experience,strategy,services,client,kpmg,defence,deliver,support,work,help,tech,across,transformation,business,team,teams,delivery,models,within,transform,aerospace,developing,capability,level,operating,identify,growth,emerging,able,manage,group,thought,value,contribute,areas,capabilities,market,change,working,new,needs,around,engagements,colleagues,address,firm,complex
,technology,clients,digital,experience,strategy,services,client,kpmg,defence,deliver,support,work,help,tech,across,transformation,business,team,teams,delivery,models,within,transform,aerospace,developing,capability,level,operating,identify,growth,emerging,able,manage,group,thought,value,contribute,areas,capabilities,market,change,working,new,needs,around,engagements,colleagues,address,firm,complex
,technology,clients,digital,experience,strategy,services,client,kpmg,defence,deliver,support,work,help,tech,across,transformation,business,team,teams,delivery,models,within,transform,aerospace,developing,capability,level,operating,identify,growth,emerging,able,manage,group,thought,value,contribute,areas,capabilities,market,change,working,new,needs,around,engagements,colleagues,address,firm,complex
,technology,clients,digital,experience,strategy,services,client,kpmg,defence,deliver,support,work,help,tech,across,transformation,business,team,teams,delivery,models,within,transform,aerospace,developing,capability,level,operating,identify,growth,emerging,able,manage,group,thought,value,contribute,areas,capabilities,market,change,working,new,needs,around,engagements,colleagues,address,firm,complex
,technology,clients,digital,experience,strategy,services,client,kpmg,defence,deliver,support,work,help,tech,across,transformation,business,team,teams,delivery,models,within,transform,aerospace,developing,capability,level,operating,identify,growth,emerging,able,manage,group,thought,value,contribute,areas,capabilities,market,change,working,new,needs,around,engagements,colleagues,address,firm,complex
,technology,clients,digital,experience,strategy,services,client,kpmg,defence,deliver,support,work,help,tech,across,transformation,business,team,teams,delivery,models,within,transform,aerospace,developing,capability,level,operating,identify,growth,emerging,able,manage,group,thought,value,contribute,areas,capabilities,market,change,working,new,needs,around,engagements,colleagues,address,firm,complex
,technology,clients,digital,experience,strategy,services,client,kpmg,defence,deliver,support,work,help,tech,across,transformation,business,team,teams,delivery,models,within,transform,aerospace,developing,capability,level,operating,identify,growth,emerging,able,manage,group,thought,value,contribute,areas,capabilities,market,change,working,new,needs,around,engagements,colleagues,address,firm,complex
,technology,clients,digital,experience,strategy,services,client,kpmg,defence,deliver,support,work,help,tech,across,transformation,business,team,teams,delivery,models,within,transform,aerospace,developing,capability,level,operating,identify,growth,emerging,able,manage,group,thought,value,contribute,areas,capabilities,market,change,working,new,needs,around,engagements,colleagues,address,firm,complex
